<?xml version="1.0" encoding="utf-8" standalone="yes" ?>
<rss version="2.0" xmlns:atom="http://www.w3.org/2005/Atom">
  <channel>
    <title>2 on Sa Wang</title>
    <link>https://acs.ict.ac.cn/publication_types/2/</link>
    <description>Recent content in 2 on Sa Wang</description>
    <generator>Hugo -- gohugo.io</generator>
    <language>en-us</language>
    <copyright>&amp;copy; 2017 Sa Wang</copyright>
    <lastBuildDate>Wed, 15 Feb 2017 00:00:00 +0000</lastBuildDate>
    <atom:link href="/publication_types/2/" rel="self" type="application/rss+xml" />
    
    <item>
      <title>Labeled von Neumann Architecture for Software-Defined Cloud. JCST</title>
      <link>https://acs.ict.ac.cn/publication/lvna/</link>
      <pubDate>Wed, 15 Feb 2017 00:00:00 +0000</pubDate>
      
      <guid>https://acs.ict.ac.cn/publication/lvna/</guid>
      <description></description>
    </item>
    
  </channel>
</rss>
