<?xml version="1.0" encoding="utf-8" standalone="yes" ?>
<rss version="2.0" xmlns:atom="http://www.w3.org/2005/Atom">
  <channel>
    <title>Publication_types on Sa Wang</title>
    <link>https://acs.ict.ac.cn/publication_types/</link>
    <description>Recent content in Publication_types on Sa Wang</description>
    <generator>Hugo -- gohugo.io</generator>
    <language>en-us</language>
    <copyright>&amp;copy; 2017 Sa Wang</copyright>
    <lastBuildDate>Sun, 02 Oct 2016 00:00:00 +0000</lastBuildDate>
    <atom:link href="/publication_types/" rel="self" type="application/rss+xml" />
    
    <item>
      <title>1</title>
      <link>https://acs.ict.ac.cn/publication_types/1/</link>
      <pubDate>Sun, 02 Oct 2016 00:00:00 +0000</pubDate>
      
      <guid>https://acs.ict.ac.cn/publication_types/1/</guid>
      <description></description>
    </item>
    
    <item>
      <title>2</title>
      <link>https://acs.ict.ac.cn/publication_types/2/</link>
      <pubDate>Wed, 15 Feb 2017 00:00:00 +0000</pubDate>
      
      <guid>https://acs.ict.ac.cn/publication_types/2/</guid>
      <description></description>
    </item>
    
  </channel>
</rss>
