<?xml version="1.0" encoding="utf-8" standalone="yes" ?>
<rss version="2.0" xmlns:atom="http://www.w3.org/2005/Atom">
  <channel>
    <title>Recent &amp; Upcoming Talks on Sa Wang</title>
    <link>https://acs.ict.ac.cn/talk/</link>
    <description>Recent content in Recent &amp; Upcoming Talks on Sa Wang</description>
    <generator>Hugo -- gohugo.io</generator>
    <language>en-us</language>
    <copyright>&amp;copy; 2017 Sa Wang</copyright>
    <lastBuildDate>Sun, 01 Jan 2017 00:00:00 +0000</lastBuildDate>
    <atom:link href="/talk/" rel="self" type="application/rss+xml" />
    
    <item>
      <title>Example Talk</title>
      <link>https://acs.ict.ac.cn/talk/example-talk/</link>
      <pubDate>Sun, 01 Jan 2017 00:00:00 +0000</pubDate>
      
      <guid>https://acs.ict.ac.cn/talk/example-talk/</guid>
      <description>&lt;p&gt;Embed your slides or video here using &lt;a href=&#34;https://gcushen.github.io/hugo-academic-demo/post/writing-markdown-latex/&#34; target=&#34;_blank&#34;&gt;shortcodes&lt;/a&gt;. Further details can easily be added using &lt;em&gt;Markdown&lt;/em&gt; and $\rm \LaTeX$ math code.&lt;/p&gt;
</description>
    </item>
    
  </channel>
</rss>
