<?xml version="1.0" encoding="utf-8" standalone="yes" ?>
<rss version="2.0" xmlns:atom="http://www.w3.org/2005/Atom">
  <channel>
    <title>Homes on Sa Wang</title>
    <link>https://acs.ict.ac.cn/home/</link>
    <description>Recent content in Homes on Sa Wang</description>
    <generator>Hugo -- gohugo.io</generator>
    <language>en-us</language>
    <copyright>&amp;copy; 2017 Sa Wang</copyright>
    <lastBuildDate>Fri, 07 Jul 2017 00:00:00 +0000</lastBuildDate>
    <atom:link href="/home/" rel="self" type="application/rss+xml" />
    
  </channel>
</rss>
