<?xml version="1.0" encoding="utf-8" standalone="yes" ?>
<rss version="2.0" xmlns:atom="http://www.w3.org/2005/Atom">
  <channel>
    <title>Publications on Sa Wang</title>
    <link>https://acs.ict.ac.cn/publication/</link>
    <description>Recent content in Publications on Sa Wang</description>
    <generator>Hugo -- gohugo.io</generator>
    <language>en-us</language>
    <copyright>&amp;copy; 2017 Sa Wang</copyright>
    <lastBuildDate>Sun, 01 Jan 2017 00:00:00 +0000</lastBuildDate>
    <atom:link href="/publication/" rel="self" type="application/rss+xml" />
    
    <item>
      <title>Labeled von Neumann Architecture for Software-Defined Cloud. JCST</title>
      <link>https://acs.ict.ac.cn/publication/lvna/</link>
      <pubDate>Wed, 15 Feb 2017 00:00:00 +0000</pubDate>
      
      <guid>https://acs.ict.ac.cn/publication/lvna/</guid>
      <description></description>
    </item>
    
    <item>
      <title>Hug the Elephant: Migrating a Legacy Data Analytics Application to Hadoop Ecosystem. ICSME 2016</title>
      <link>https://acs.ict.ac.cn/publication/elephant/</link>
      <pubDate>Sun, 02 Oct 2016 00:00:00 +0000</pubDate>
      
      <guid>https://acs.ict.ac.cn/publication/elephant/</guid>
      <description></description>
    </item>
    
    <item>
      <title>VMon: Monitoring and Quantifying Virtual Machine Interference via Hardware Performance Counter. COMPSAC 2015 *Best Paper Awarded*</title>
      <link>https://acs.ict.ac.cn/publication/vmon/</link>
      <pubDate>Fri, 01 May 2015 00:00:00 +0000</pubDate>
      
      <guid>https://acs.ict.ac.cn/publication/vmon/</guid>
      <description></description>
    </item>
    
    <item>
      <title>Bench4Q: A QoS-Oriented E-commerce Benchmark. COMPSAC 2011</title>
      <link>https://acs.ict.ac.cn/publication/bench4q/</link>
      <pubDate>Fri, 01 Jul 2011 00:00:00 +0000</pubDate>
      
      <guid>https://acs.ict.ac.cn/publication/bench4q/</guid>
      <description></description>
    </item>
    
  </channel>
</rss>
