<?xml version="1.0" encoding="utf-8" standalone="yes" ?>
<rss version="2.0" xmlns:atom="http://www.w3.org/2005/Atom">
  <channel>
    <title>Tags on Sa Wang</title>
    <link>https://acs.ict.ac.cn/tags/</link>
    <description>Recent content in Tags on Sa Wang</description>
    <generator>Hugo -- gohugo.io</generator>
    <language>en-us</language>
    <copyright>&amp;copy; 2017 Sa Wang</copyright>
    <lastBuildDate>Sun, 01 Jan 2017 00:00:00 +0000</lastBuildDate>
    <atom:link href="/tags/" rel="self" type="application/rss+xml" />
    
    <item>
      <title>Content tagged as &#39;Academic&#39;</title>
      <link>https://acs.ict.ac.cn/tags/academic/</link>
      <pubDate>Sun, 01 Jan 2017 00:00:00 +0000</pubDate>
      
      <guid>https://acs.ict.ac.cn/tags/academic/</guid>
      <description>&lt;p&gt;Here is a list of all the content that has been tagged as &lt;em&gt;academic&lt;/em&gt;.&lt;/p&gt;
</description>
    </item>
    
    <item>
      <title>Bench4q</title>
      <link>https://acs.ict.ac.cn/tags/bench4q/</link>
      <pubDate>Wed, 27 Apr 2011 00:00:00 +0000</pubDate>
      
      <guid>https://acs.ict.ac.cn/tags/bench4q/</guid>
      <description></description>
    </item>
    
    <item>
      <title>Hugo</title>
      <link>https://acs.ict.ac.cn/tags/hugo/</link>
      <pubDate>Wed, 20 Apr 2016 12:00:00 +0000</pubDate>
      
      <guid>https://acs.ict.ac.cn/tags/hugo/</guid>
      <description></description>
    </item>
    
    <item>
      <title>Jekyll</title>
      <link>https://acs.ict.ac.cn/tags/jekyll/</link>
      <pubDate>Mon, 10 Mar 2014 00:00:00 +0000</pubDate>
      
      <guid>https://acs.ict.ac.cn/tags/jekyll/</guid>
      <description></description>
    </item>
    
    <item>
      <title>Labeled Von Neumann Architecture</title>
      <link>https://acs.ict.ac.cn/tags/labeled-von-neumann-architecture/</link>
      <pubDate>Fri, 01 Jul 2016 00:00:00 +0000</pubDate>
      
      <guid>https://acs.ict.ac.cn/tags/labeled-von-neumann-architecture/</guid>
      <description></description>
    </item>
    
    <item>
      <title>Performance Interference</title>
      <link>https://acs.ict.ac.cn/tags/performance-interference/</link>
      <pubDate>Fri, 01 Jul 2016 00:00:00 +0000</pubDate>
      
      <guid>https://acs.ict.ac.cn/tags/performance-interference/</guid>
      <description></description>
    </item>
    
    <item>
      <title>Resource Utilization</title>
      <link>https://acs.ict.ac.cn/tags/resource-utilization/</link>
      <pubDate>Fri, 01 Jul 2016 00:00:00 +0000</pubDate>
      
      <guid>https://acs.ict.ac.cn/tags/resource-utilization/</guid>
      <description></description>
    </item>
    
    <item>
      <title>Software Defined Cloud Computing</title>
      <link>https://acs.ict.ac.cn/tags/software-defined-cloud-computing/</link>
      <pubDate>Fri, 01 Jul 2016 00:00:00 +0000</pubDate>
      
      <guid>https://acs.ict.ac.cn/tags/software-defined-cloud-computing/</guid>
      <description></description>
    </item>
    
  </channel>
</rss>
