<?xml version="1.0" encoding="utf-8" standalone="yes" ?>
<rss version="2.0" xmlns:atom="http://www.w3.org/2005/Atom">
  <channel>
    <title>Categories on Sa Wang</title>
    <link>https://acs.ict.ac.cn/categories/</link>
    <description>Recent content in Categories on Sa Wang</description>
    <generator>Hugo -- gohugo.io</generator>
    <language>en-us</language>
    <copyright>&amp;copy; 2017 Sa Wang</copyright>
    <atom:link href="/categories/" rel="self" type="application/rss+xml" />
    
  </channel>
</rss>
