<?xml version="1.0" encoding="utf-8" standalone="yes" ?>
<rss version="2.0" xmlns:atom="http://www.w3.org/2005/Atom">
  <channel>
    <title>Performance Interference on Sa Wang</title>
    <link>https://acs.ict.ac.cn/tags/performance-interference/</link>
    <description>Recent content in Performance Interference on Sa Wang</description>
    <generator>Hugo -- gohugo.io</generator>
    <language>en-us</language>
    <copyright>&amp;copy; 2017 Sa Wang</copyright>
    <lastBuildDate>Fri, 01 Jul 2016 00:00:00 +0000</lastBuildDate>
    <atom:link href="/tags/performance-interference/" rel="self" type="application/rss+xml" />
    
    <item>
      <title>Software Defined Cloud Computing</title>
      <link>https://acs.ict.ac.cn/project/sdc/</link>
      <pubDate>Fri, 01 Jul 2016 00:00:00 +0000</pubDate>
      
      <guid>https://acs.ict.ac.cn/project/sdc/</guid>
      <description></description>
    </item>
    
  </channel>
</rss>
